Username,Name,Password
Brown4456,Mia Brown,Brown4456SJVC
LaRotonda6572,William  LaRotonda,LaRotonda6572SJVC
Steans3333,Tyrone  Steans,Steans3333SJVC
Howard0782,Estelle Howard,Howard0782SJVC
Singh9817,Nan  Singh,Singh9817SJVC
Smith7713,Leigh Ann Smith,Smith7713SJVC
Clayton2902,Rick Clayton,Clayton2902SJVC
Galia2093,Lisa Galia,Galia2093SJVC
Boutwell0188,Bonalyn Boutwell,Boutwell0188SJVC
Foster-Baker1308,Amy Foster-Baker,Foster-Baker1308SJVC
King5124,Janet King,King5124SJVC
Lindsay0312,Leonara  Lindsay,Lindsay0312SJVC
Becker4056,Renee Becker,Becker4056SJVC
Goble3738,Taisha Goble,Goble3738SJVC
Hernandez1156,Daniff Hernandez,Hernandez1156SJVC
Horton5718,Jayne Horton,Horton5718SJVC
Johnson8246,Noelle  Johnson,Johnson8246SJVC
Murray8403,Thomas Murray,Murray8403SJVC
Pearson3965,Randall Pearson,Pearson3965SJVC
Petrowsky7853,Thelma Petrowsky,Petrowsky7853SJVC
Roby8885,Lori  Roby,Roby8885SJVC
Rogers2255,Ivan Rogers,Rogers2255SJVC
Salter0148,Jason Salter,Salter0148SJVC
Simard0278,Kramer Simard,Simard0278SJVC
Zhou9732,Julia Zhou,Zhou9732SJVC
Soto2263,Julia  Soto,Soto2263SJVC
LeBlanc4115,Brandon  R LeBlanc,LeBlanc4115SJVC
Quinn3417,Sean Quinn,Quinn3417SJVC
Zamora0816,Jennifer Zamora,Zamora0816SJVC
Bramante0066,Elisa Bramante,Bramante0066SJVC
Albert2311,Michael  Albert,Albert2311SJVC
Bozzi4580,Charles Bozzi,Bozzi4580SJVC
Butler9990,Webster  L Butler,Butler9990SJVC
Dunn0147,Amy  Dunn,Dunn0147SJVC
Bacong2023,Alejandro  Bacong,Bacong2023SJVC
Cisco4173,Anthony Cisco,Cisco4173SJVC
Dolan3540,Linda Dolan,Dolan3540SJVC
Gonzalez9991,Maria Gonzalez,Gonzalez9991SJVC
Merlos3013,Carlos Merlos,Merlos3013SJVC
Morway6578,Tanya Morway,Morway6578SJVC
Shepard4183,Anita  Shepard,Shepard4183SJVC
Tredinnick5466,Neville  Tredinnick,Tredinnick5466SJVC
Turpin1506,Jumil Turpin,Turpin1506SJVC
Ait Sidi0199,"Sidi, Karthikeyan    Ait Sidi",Ait Sidi0199SJVC
Carr2337,Claudia  N Carr,Carr2337SJVC
Favis1562,Donald  Favis,Favis1562SJVC
Roehrich0266,Bianca Roehrich,Roehrich0266SJVC
Daniele1312,Ann  Daniele,Daniele1312SJVC
Lajiri8108,Jyoti Lajiri,Lajiri8108SJVC
Semizoglou3591,Jeremiah  Semizoglou,Semizoglou3591SJVC
South0959,Joe South,South0959SJVC
Warfield2347,Sarah Warfield,Warfield2347SJVC
Gray0077,Elijiah  Gray,Gray0077SJVC
Hogland4783,Jonathan  Hogland,Hogland4783SJVC
Immediato5874,Walter Immediato,Immediato5874SJVC
Liebig4679,Ketsia Liebig,Liebig4679SJVC
Miller7351,Brannon Miller,Miller7351SJVC
Peterson5355,Ebonee  Peterson,Peterson5355SJVC
Spirea4149,Kelley Spirea,Spirea4149SJVC
Stanley4650,David  Stanley,Stanley4650SJVC
Sullivan7298,Kissy  Sullivan,Sullivan7298SJVC
Wallace1026,Courtney  E Wallace,Wallace1026SJVC
Houlihan1646,Debra Houlihan,Houlihan1646SJVC
Foss1000,Jason Foss,Foss1000SJVC
Roup6933,"Roup,Simon Roup",Roup6933SJVC
Ruiz5250,Ricardo Ruiz,Ruiz5250SJVC
Monroe2863,Peter Monroe,Monroe2863SJVC
Adinolfi0522,Wilson  K Adinolfi,Adinolfi0522SJVC
Alagbe2883,"Alagbe,Trina Alagbe",Alagbe2883SJVC
Anderson7624,Carol  Anderson,Anderson7624SJVC
Anderson5947,Linda  Anderson,Anderson5947SJVC
Athwal2124,Sam Athwal,Athwal2124SJVC
Bachiochi1409,Linda Bachiochi,Bachiochi1409SJVC
Baczenski0083,Rachael  Baczenski,Baczenski0083SJVC
Barbara3507,Thomas Barbara,Barbara3507SJVC
Dougall3754,Eric Dougall,Dougall3754SJVC
Barton1962,Nader Barton,Barton1962SJVC
Beatrice6194,Courtney  Beatrice,Beatrice6194SJVC
Becker9777,Scott Becker,Becker9777SJVC
Bernstein9366,Sean Bernstein,Bernstein9366SJVC
Biden1844,Lowan  M Biden,Biden1844SJVC
Billis0366,Helen Billis,Billis0366SJVC
Brill8293,Donna Brill,Brill8293SJVC
Bugali9635,Josephine  Bugali,Bugali9635SJVC
Sweetwater4719,Alex Sweetwater,Sweetwater4719SJVC
Chace8062,Beatrice  Chace,Chace8062SJVC
Chan7282,Lin Chan,Chan7282SJVC
Chang0129,Donovan  E Chang,Chang0129SJVC
Chivukula3394,Enola Chivukula,Chivukula3394SJVC
Cierpiszewski3295,Caroline  Cierpiszewski,Cierpiszewski3295SJVC
Clukey9280,Elijian Clukey,Clukey9280SJVC
Cockel1009,James Cockel,Cockel1009SJVC
Cole0968,Spencer Cole,Cole0968SJVC
Bunbury3368,Jessica Bunbury,Bunbury3368SJVC
Crimmings3172,Jean Crimmings,Crimmings3172SJVC
Darson9612,Jene'ya  Darson,Darson9612SJVC
DeGweck8816,James DeGweck,DeGweck8816SJVC
Desimone2124,Carl  Desimone,Desimone2124SJVC
Dickinson6285,Geoff  Dickinson,Dickinson6285SJVC
DiNocco8696,Lily  DiNocco,DiNocco8696SJVC
Dobrin1618,Denisa  S Dobrin,Dobrin1618SJVC
Eaton7865,Marianne Eaton,Eaton7865SJVC
Carter5721,Michelle  Carter,Carter5721SJVC
Dietrich9481,Jenna  Dietrich,Dietrich9481SJVC
Estremera5243,Miguel Estremera,Estremera5243SJVC
Evensen7392,April Evensen,Evensen7392SJVC
Ferguson2511,Susan Ferguson,Ferguson2511SJVC
Fernandes3339,Nilson  Fernandes,Fernandes3339SJVC
Ferreira9012,Violeta Ferreira,Ferreira9012SJVC
Fidelia0020,Libby Fidelia,Fidelia0020SJVC
Garcia1015,Raul Garcia,Garcia1015SJVC
Garneau5414,Hamish Garneau,Garneau5414SJVC
Digitale9197,Alfred Digitale,Digitale9197SJVC
Gentry2192,Mildred Gentry,Gentry2192SJVC
Gerke0622,Melisa Gerke,Gerke0622SJVC
Gilles0960,Alex Gilles,Gilles0960SJVC
Girifalco2927,Evelyn Girifalco,Girifalco2927SJVC
Gold9539,Shenice  Gold,Gold9539SJVC
Gonzalez1212,Cayo Gonzalez,Gonzalez1212SJVC
Gordon6579,David Gordon,Gordon6579SJVC
Goyal3675,Roxana Goyal,Goyal3675SJVC
Friedman2843,Gerry Friedman,Friedman2843SJVC
Handschiegl7064,Joanne Handschiegl,Handschiegl7064SJVC
Harrell8241,Ludwick Harrell,Harrell8241SJVC
Harrington9602,Christie  Harrington,Harrington9602SJVC
Harrison6622,Kara Harrison,Harrison6622SJVC
Heitzman7900,Anthony Heitzman,Heitzman7900SJVC
Ivey9882,Rose  Ivey,Ivey9882SJVC
Jackson1438,Maryellen Jackson,Jackson1438SJVC
Jacobi2857,Hannah  Jacobi,Jacobi2857SJVC
Gill3046,Whitney  Gill,Gill3046SJVC
Johnson5721,George Johnson,Johnson5721SJVC
Jung7450,Judy  Jung,Jung7450SJVC
Keatts2462,Kramer  Keatts,Keatts2462SJVC
Kinsella7401,Kathleen  Kinsella,Kinsella7401SJVC
Kirill3071,Alexandra  Kirill,Kirill3071SJVC
Knapp5683,Bradley  J Knapp,Knapp5683SJVC
Kretschmer2610,John Kretschmer,Kretschmer2610SJVC
Langton5987,Enrico Langton,Langton5987SJVC
Leach9409,Dallas Leach,Leach9409SJVC
Gonzales1481,Ricardo Gonzales,Gonzales1481SJVC
Linares2315,Marilyn  Linares,Linares2315SJVC
Lydon3353,Allison Lydon,Lydon3353SJVC
Lynch8521,Lindsay Lynch,Lynch8521SJVC
MacLennan1032,Samuel MacLennan,MacLennan1032SJVC
Mahoney9259,Lauren  Mahoney,Mahoney9259SJVC
Mangal0754,Debbie Mangal,Mangal0754SJVC
Maurice4327,Shana Maurice,Maurice4327SJVC
Mckenna5167,Sandy Mckenna,Mckenna5167SJVC
Guilianno7253,Mike Guilianno,Guilianno7253SJVC
Medeiros9256,Jennifer Medeiros,Medeiros9256SJVC
Motlagh4121,Dawn Motlagh,Motlagh4121SJVC
Ndzi3041,Colombui Ndzi,Ndzi3041SJVC
Ndzi3041,Horia Ndzi,Ndzi3041SJVC
Newman3044,Richard  Newman,Newman3044SJVC
Ngodup6020,Shari  Ngodup,Ngodup6020SJVC
Nguyen2357,Lei-Ming Nguyen,Nguyen2357SJVC
O'hare4851,Lynn O'hare,O'hare4851SJVC
Leruth1660,Giovanni Leruth,Leruth1660SJVC
Owad4335,Clinton Owad,Owad4335SJVC
Panjwani9531,Nina Panjwani,Panjwani9531SJVC
Pelech0058,Emil Pelech,Pelech0058SJVC
Perry9186,Shakira Perry,Perry9186SJVC
Peterson9944,Kayla  Peterson,Peterson9944SJVC
Pham7440,Hong Pham,Pham7440SJVC
Pitt5072,Brad  Pitt,Pitt5072SJVC
Power4274,Morissa Power,Power4274SJVC
Mullaney7978,Howard Mullaney,Mullaney7978SJVC
Purinton2926,Janine Purinton,Purinton2926SJVC
Rarrick8229,Quinn Rarrick,Rarrick8229SJVC
Rhoads0793,Thomas Rhoads,Rhoads0793SJVC
Rivera7642,Haley  Rivera,Rivera7642SJVC
Robinson8000,Alain  Robinson,Robinson8000SJVC
Robinson5625,Cherly Robinson,Robinson5625SJVC
Robinson2887,Elias Robinson,Robinson2887SJVC
Rose7555,Ashley  Rose,Rose7555SJVC
Rossetti7492,Bruno Rossetti,Rossetti7492SJVC
Ozark1761,Travis Ozark,Ozark1761SJVC
Sadki0535,Nore  Sadki,Sadki0535SJVC
Sander3362,Kamrin Sander,Sander3362SJVC
Sewkumar0161,Nori Sewkumar,Sewkumar0161SJVC
Shields3102,Seffi Shields,Shields3102SJVC
Smith1909,Sade Smith,Smith1909SJVC
Sparks1137,Taylor  Sparks,Sparks1137SJVC
Squatrito7138,Kristen Squatrito,Squatrito7138SJVC
Stanford0244,M Stanford,Stanford0244SJVC
Strong1295,Caitrin Strong,Strong1295SJVC
Sullivan1310,Timothy Sullivan,Sullivan1310SJVC
Sutwell9061,Barbara Sutwell,Sutwell9061SJVC
Tavares7501,Desiree  Tavares,Tavares7501SJVC
Theamstern6739,Sophia Theamstern,Theamstern6739SJVC
Tinto4504,Theresa  Tinto,Tinto4504SJVC
Tippett0255,Jeanette Tippett,Tippett0255SJVC
Trang3152,Mei Trang,Trang3152SJVC
Veera2235,Abdellah  Veera,Veera2235SJVC
Valentin3714,"Valentin,Jackie Valentin",Valentin3714SJVC
Von Massenbach6474,"Massenbach, Anna Von Massenbach",Von Massenbach6474SJVC
Wallace3619,Theresa Wallace,Wallace3619SJVC
Whittier0212,Scott Whittier,Whittier0212SJVC
Wilber3839,Barry Wilber,Wilber3839SJVC
Williams0671,Jacquelyn  Williams,Williams0671SJVC
Ybarra8402,Catherine  Ybarra,Ybarra8402SJVC
Zima1232,Colleen Zima,Zima1232SJVC
Akinkuolie9209,Sarah Akinkuolie,Akinkuolie9209SJVC
Villanueva0503,Noah Villanueva,Villanueva0503SJVC
Blount6125,Dianna Blount,Blount6125SJVC
Bondwell1030,Betsy Bondwell,Bondwell1030SJVC
Buccheri3457,Joseph  Buccheri,Buccheri3457SJVC
Burke2820,Joelle Burke,Burke2820SJVC
Burkett2449,Benjamin  Burkett,Burkett2449SJVC
Cloninger3226,Jennifer Cloninger,Cloninger3226SJVC
Close8697,Phil Close,Close8697SJVC
Davis1274,Daniel Davis,Davis1274SJVC
Barone3679,Francesco  A Barone,Barone3679SJVC
Erilus5661,Angela Erilus,Erilus5661SJVC
Faller8428,Megan  Faller,Faller8428SJVC
Fancett5085,Nicole Fancett,Fancett5085SJVC
Fitzpatrick9103,Michael  J Fitzpatrick,Fitzpatrick9103SJVC
Foreman3204,Tanya Foreman,Foreman3204SJVC
Gonzalez1324,Juan Gonzalez,Gonzalez1324SJVC
Good9006,Susan Good,Good9006SJVC
Gosciminski8351,Phylicia  Gosciminski,Gosciminski8351SJVC
Carey3114,Michael  Carey,Carey3114SJVC
Cornett6069,Lisa  Cornett,Cornett6069SJVC
Homberger6956,Adrienne  J Homberger,Homberger6956SJVC
Hunts6433,Julissa Hunts,Hunts6433SJVC
Hutter4924,Rosalie Hutter,Hutter4924SJVC
Huynh8509,Ming Huynh,Huynh8509SJVC
Jeannite0942,Tayana Jeannite,Jeannite0942SJVC
Johnston7810,Yen Johnston,Johnston7810SJVC
Langford2030,Lindsey Langford,Langford2030SJVC
Latif5486,Mohammed Latif,Latif5486SJVC
Engdahl0403,Jean Engdahl,Engdahl0403SJVC
Lundy6276,Susan Lundy,Lundy6276SJVC
Lunquist4432,Lisa Lunquist,Lunquist4432SJVC
Manchester9623,Robyn Manchester,Manchester9623SJVC
Mancuso5986,Karen Mancuso,Mancuso5986SJVC
McCarthy7957,Brigit McCarthy,McCarthy7957SJVC
Miller3439,Ned Miller,Miller3439SJVC
Monkfish6711,Erasumus  Monkfish,Monkfish6711SJVC
Monterro3149,Luisa Monterro,Monterro3149SJVC
England3612,Rex England,England3612SJVC
Moumanil2436,Maliki  Moumanil,Moumanil2436SJVC
Nowlan5435,Kristie Nowlan,Nowlan5435SJVC
Oliver6521,Brooke  Oliver,Oliver6521SJVC
Pelletier1821,Ermine Pelletier,Pelletier1821SJVC
Peters1406,Lauren Peters,Peters1406SJVC
Petingill4843,Shana  Petingill,Petingill4843SJVC
Roberson5340,May Roberson,Roberson5340SJVC
Robertson2991,Peter Robertson,Robertson2991SJVC
Gaul6041,Barbara Gaul,Gaul6041SJVC
Sloan3103,Constance Sloan,Sloan3103SJVC
Smith0770,Joe Smith,Smith0770SJVC
Tejeda8345,Lenora  Tejeda,Tejeda8345SJVC
Thibaud2777,Kenneth Thibaud,Thibaud2777SJVC
Trzeciak7551,Cybil Trzeciak,Trzeciak7551SJVC
Walker2818,Roger Walker,Walker2818SJVC
Winthrop7188,Jordan  Winthrop,Winthrop7188SJVC
Wolk3180,Hang  T Wolk,Wolk3180SJVC
Woodson3010,Jason Woodson,Woodson3010SJVC
Buck3313,Edward Buck,Buck3313SJVC
Gross4859,Paula Gross,Gross4859SJVC
Jhaveri1713,Sneha  Jhaveri,Jhaveri1713SJVC
Costa0567,Latia Costa,Costa0567SJVC
LeBel7575,Jonathan  R LeBel,LeBel7575SJVC
Meads0245,Elizabeth Meads,Meads0245SJVC
Fraval1302,Maruk  Fraval,Fraval1302SJVC
Osturnka6949,Adeel Osturnka,Osturnka6949SJVC
Punjabhi4562,Louis  Punjabhi,Punjabhi4562SJVC
Givens2099,Myriam Givens,Givens2099SJVC
Saar-Beckles0998,Melinda Saar-Beckles,Saar-Beckles0998SJVC
Stoica6896,Rick Stoica,Stoica6896SJVC
4890,Prater ,4890SJVC
Khemmich5008,Bartholemew Khemmich,Khemmich5008SJVC
Volk2814,Colleen Volk,Volk2814SJVC
Martins8771,Joseph Martins,Martins8771SJVC
McKinzie9326,Jac McKinzie,McKinzie9326SJVC
Beak4329,Kimberly  Beak,Beak4329SJVC
Nguyen0684,Dheepa Nguyen,Nguyen0684SJVC
Onque2180,Jasmine Onque,Onque2180SJVC
Demita5179,Carla Demita,Demita5179SJVC
Potts4106,Xana Potts,Potts4106SJVC
Riordan2711,Michael Riordan,Riordan2711SJVC
Hankard9937,Earnest Hankard,Hankard9937SJVC
Terry4637,Sharlene  Terry,Terry4637SJVC
Hendrickson2932,Trina Hendrickson,Hendrickson2932SJVC
Linden7565,Mathew Linden,Linden7565SJVC
Moran9503,Patrick Moran,Moran9503SJVC
Daneault5303,Lynn Daneault,Daneault5303SJVC
Kampew9264,Donysha  Kampew,Kampew9264SJVC
Smith2910,John Smith,Smith2910SJVC
Andreola7358,Colby Andreola,Andreola7358SJVC
Carabbio3577,Judith Carabbio,Carabbio3577SJVC
Del Bosque2498,"Bosque, Keyla Del Bosque",Del Bosque2498SJVC
Exantus4670,Susan Exantus,Exantus4670SJVC
Martin4625,Sandra Martin,Martin4625SJVC
Patronick0979,Luke Patronick,Patronick0979SJVC
Saada3185,Adell Saada,Saada3185SJVC
Szabo1324,Andrew Szabo,Szabo1324SJVC
True4057,Edward TRUE,True4057SJVC
Sahoo6462,Adil Sahoo,Sahoo6462SJVC
Brown4456,Mia Brown,Brown4456SJVC
LaRotonda6572,William  LaRotonda,LaRotonda6572SJVC
Steans3333,Tyrone  Steans,Steans3333SJVC
Howard0782,Estelle Howard,Howard0782SJVC
Singh9817,Nan  Singh,Singh9817SJVC
Smith7713,Leigh Ann Smith,Smith7713SJVC
Brown4456,Mia Brown,Brown4456SJVC
LaRotonda6572,William  LaRotonda,LaRotonda6572SJVC
Steans3333,Tyrone  Steans,Steans3333SJVC
Howard0782,Estelle Howard,Howard0782SJVC
Brown4456,Mia Brown,Brown4456SJVC
LaRotonda6572,William  LaRotonda,LaRotonda6572SJVC
Steans3333,Tyrone  Steans,Steans3333SJVC
Howard0782,Estelle Howard,Howard0782SJVC
Brown4456,Mia Brown,Brown4456SJVC
LaRotonda6572,William  LaRotonda,LaRotonda6572SJVC
Brown4456,Mia Brown,Brown4456SJVC
LaRotonda6572,William  LaRotonda,LaRotonda6572SJVC
Steans3333,Tyrone  Steans,Steans3333SJVC
Howard0782,Estelle Howard,Howard0782SJVC
Singh9817,Nan  Singh,Singh9817SJVC
Smith7713,Leigh Ann Smith,Smith7713SJVC
Brown4456,Mia Brown,Brown4456SJVC
LaRotonda6572,William  LaRotonda,LaRotonda6572SJVC
Steans3333,Tyrone  Steans,Steans3333SJVC
Brown4456,Mia Brown,Brown4456SJVC
Brown4456,Mia Brown,Brown4456SJVC
LaRotonda6572,William  LaRotonda,LaRotonda6572SJVC
Steans3333,Tyrone  Steans,Steans3333SJVC
Howard0782,Estelle Howard,Howard0782SJVC
Brown4456,Mia Brown,Brown4456SJVC
LaRotonda6572,William  LaRotonda,LaRotonda6572SJVC
Steans3333,Tyrone  Steans,Steans3333SJVC
Howard0782,Estelle Howard,Howard0782SJVC
Singh9817,Nan  Singh,Singh9817SJVC
Brown4456,Mia Brown,Brown4456SJVC
LaRotonda6572,William  LaRotonda,LaRotonda6572SJVC
Steans3333,Tyrone  Steans,Steans3333SJVC
Brown4456,Mia Brown,Brown4456SJVC
LaRotonda6572,William  LaRotonda,LaRotonda6572SJVC
Brown4456,Mia Brown,Brown4456SJVC
LaRotonda6572,William  LaRotonda,LaRotonda6572SJVC
Brown4456,Mia Brown,Brown4456@SJVC
LaRotonda6572,William  LaRotonda,LaRotonda6572@SJVC
Brown4456,Mia Brown,Brown4456@SJVC
LaRotonda6572,William  LaRotonda,LaRotonda6572@SJVC
Steans3333,Tyrone  Steans,Steans3333@SJVC
Brown4456,Mia Brown,Brown4456@SJVC
LaRotonda6572,William  LaRotonda,LaRotonda6572@SJVC
Brown4456,Mia Brown,Brown4456@SJVC
LaRotonda6572,William  LaRotonda,LaRotonda6572@SJVC
Brown4456,Mia Brown,Brown4456SJVC
LaRotonda6572,William  LaRotonda,LaRotonda6572SJVC
Steans3333,Tyrone  Steans,Steans3333SJVC
Howard0782,Estelle Howard,Howard0782SJVC
Singh9817,Nan  Singh,Singh9817SJVC
Smith7713,Leigh Ann Smith,Smith7713SJVC
Clayton2902,Rick Clayton,Clayton2902SJVC
Galia2093,Lisa Galia,Galia2093SJVC
Boutwell0188,Bonalyn Boutwell,Boutwell0188SJVC
Foster-Baker1308,Amy Foster-Baker,Foster-Baker1308SJVC
King5124,Janet King,King5124SJVC
Lindsay0312,Leonara  Lindsay,Lindsay0312SJVC
Becker4056,Renee Becker,Becker4056SJVC
Goble3738,Taisha Goble,Goble3738SJVC
Hernandez1156,Daniff Hernandez,Hernandez1156SJVC
Horton5718,Jayne Horton,Horton5718SJVC
Johnson8246,Noelle  Johnson,Johnson8246SJVC
Murray8403,Thomas Murray,Murray8403SJVC
Pearson3965,Randall Pearson,Pearson3965SJVC
Petrowsky7853,Thelma Petrowsky,Petrowsky7853SJVC
Roby8885,Lori  Roby,Roby8885SJVC
Rogers2255,Ivan Rogers,Rogers2255SJVC
Salter0148,Jason Salter,Salter0148SJVC
Simard0278,Kramer Simard,Simard0278SJVC
Zhou9732,Julia Zhou,Zhou9732SJVC
Soto2263,Julia  Soto,Soto2263SJVC
LeBlanc4115,Brandon  R LeBlanc,LeBlanc4115SJVC
Quinn3417,Sean Quinn,Quinn3417SJVC
Zamora0816,Jennifer Zamora,Zamora0816SJVC
Brown4456,Mia Brown,Brown4456SJVC
LaRotonda6572,William  LaRotonda,LaRotonda6572SJVC
Steans3333,Tyrone  Steans,Steans3333SJVC
Howard0782,Estelle Howard,Howard0782SJVC
Singh9817,Nan  Singh,Singh9817SJVC
Smith7713,Leigh Ann Smith,Smith7713SJVC
